{"current":{"colors_accent_1":"#f54676","gradient_accent_1":"","colors_accent_2":"#4ab9f0","colors_text":"#000000","wbmainclr":"#f54676","colors_outline_button_labels":"#000000","colors_background_1":"#FFFFFF","colors_background_2":"#f5f5f5","type_base_font":"Google+Rubik","type_subbase_font":"Google+Great+Vibes","type_header_base_size":40,"type_base_size":14,"page_width":1370,"buttons_border_thickness":0,"buttons_radius":10,"buttons_shadow_opacity":0,"buttons_shadow_horizontal_offset":0,"buttons_shadow_vertical_offset":0,"buttons_shadow_blur":0,"variant_pills_border_thickness":1,"variant_pills_border_opacity":20,"variant_pills_radius":10,"variant_pills_shadow_opacity":0,"variant_pills_shadow_horizontal_offset":0,"variant_pills_shadow_vertical_offset":0,"variant_pills_shadow_blur":0,"inputs_border_thickness":1,"inputs_border_opacity":5,"inputs_radius":4,"inputs_shadow_opacity":0,"inputs_shadow_horizontal_offset":0,"inputs_shadow_blur":0,"card_style":"card","card_image_padding":0,"card_text_alignment":"left","card_color_scheme":"background-1","card_border_thickness":1,"card_border_opacity":10,"card_corner_radius":4,"card_shadow_opacity":0,"card_shadow_horizontal_offset":0,"text_boxes_border_thickness":0,"text_boxes_radius":0,"media_border_thickness":1,"media_radius":10,"media_shadow_opacity":0,"media_shadow_horizontal_offset":0,"media_shadow_vertical_offset":0,"media_shadow_blur":0,"popup_border_thickness":1,"popup_corner_radius":10,"popup_shadow_opacity":20,"popup_shadow_horizontal_offset":0,"popup_shadow_vertical_offset":0,"popup_shadow_blur":5,"drawer_border_thickness":1,"drawer_shadow_opacity":0,"drawer_shadow_horizontal_offset":0,"drawer_shadow_vertical_offset":0,"drawer_shadow_blur":0,"badge_position":"top left","badge_corner_radius":0,"sale_badge_color_scheme":"accent-1","sold_out_badge_color_scheme":"inverse","social_twitter_link":"https:\/\/twitter.com\/shopify","social_facebook_link":"https:\/\/facebook.com\/shopify","social_pinterest_link":"https:\/\/pinterest.com\/shopify","social_instagram_link":"http:\/\/instagram.com\/shopify","social_tumblr_link":"","predictive_search_show_price":true,"favicon":"shopify:\/\/shop_images\/favicon.png","badge_toggle":true,"new_products_period":"2000","checkout_logo_image":"shopify:\/\/shop_images\/Untitled-3.png","checkout_accent_color":"#ff8f3c","checkout_button_color":"#ff8f3c","body_scale":130,"sections":{"announcement-bar":{"type":"announcement-bar","blocks":{"announcement-bar-0":{"type":"announcement","settings":{"text":"","text2":"+213 253 2531","text3":"demo@demo.com","color_scheme":"background-1","link":""}}},"block_order":["announcement-bar-0"],"settings":{}},"header":{"type":"header","blocks":{"ee783aeb-3939-4caf-a057-2c5266bd5fa9":{"type":"link-linklist","settings":{"title":"home","link":"https:\/\/startup-toys.myshopify.com\/","badge_text":"","bg_color":"#ff0000","links":""}},"3893cc2e-4dec-4ef9-80af-2cbff31f8bac":{"type":"link-linklistbnr","settings":{"title":"wooden toys","link":"shopify:\/\/collections\/featured","badge_text":"","bg_color":"#ff0000","menucusttxt1":"<p><a href=\"https:\/\/startup-toys.myshopify.com\/collections\/hot-toys\" title=\"https:\/\/startup-toys.myshopify.com\/collections\/hot-toys\">filter panel<\/a><\/p><p><a href=\"https:\/\/startup-toys.myshopify.com\/collections\/all\/?preview_theme_id=129204682909\">canvas sidebar<\/a><\/p><p><a href=\"https:\/\/startup-toys.myshopify.com\/collections\/latest\">grid view<\/a><\/p><p><a href=\"https:\/\/startup-toys.myshopify.com\/collections\/latest\">list view<\/a><\/p><p><a href=\"https:\/\/startup-toys.myshopify.com\/collections\/hot-toys\" title=\"https:\/\/startup-toys.myshopify.com\/collections\/hot-toys\">pagination page<\/a><\/p>","menucusttxt2":"<p><a href=\"https:\/\/startup-toys.myshopify.com\/products\/rabbit-stuffed-soft-toy-for-kids\">product countdown timer<\/a><\/p><p><a href=\"https:\/\/startup-toys.myshopify.com\/products\/plastic-screw-cap-kids-water-bottle\">product color swatch<\/a><\/p><p><a href=\"https:\/\/startup-toys.myshopify.com\/products\/plastic-screw-cap-kids-water-bottle\/?preview_theme_id=129204715677\">product swatch dropdown<\/a><\/p><p><a href=\"https:\/\/startup-toys.myshopify.com\/products\/plastic-screw-cap-kids-water-bottle\">sale notification<\/a><\/p><p><a href=\"https:\/\/startup-toys.myshopify.com\/products\/plastic-screw-cap-kids-water-bottle\">dynamic checkout button<\/a><\/p>","menucusttxt3":"<p><a href=\"https:\/\/startup-toys.myshopify.com\/products\/rabbit-stuffed-soft-toy-for-kids\">product tab information<\/a><\/p><p><a href=\"https:\/\/startup-toys.myshopify.com\/products\/kids-travel-trolley-bag\">product recommendation<\/a><\/p><p><a href=\"https:\/\/startup-toys.myshopify.com\/ar\">RTL Layout<\/a><\/p>","menucusttxt4":"<p><a href=\"https:\/\/startup-toys.myshopify.com\/products\/kids-should-not-be-given-too-many-toys\/?preview_theme_id=129204682909\">product thumbnail carousel <\/a><\/p><p><a href=\"https:\/\/startup-toys.myshopify.com\/products\/soft-toys-for-babies\">product stack<\/a><\/p><p><a href=\"https:\/\/startup-toys.myshopify.com\/products\/soft-toys-for-babies\/?preview_theme_id=129204715677\">product thumbnail<\/a><\/p><p><a href=\"https:\/\/startup-toys.myshopify.com\/products\/soft-toys-for-babies\">product review<\/a><\/p>","caption_link":""}},"74fabfcd-c70d-487e-a876-225bf06712ca":{"type":"link-products","settings":{"title":"teddy","link":"shopify:\/\/collections\/hot-toys","badge_text":"","bg_color":"#ff0000","show_title":false,"links_1":"","links_2":"","links_3":"","links_4":"","products":"latest"}},"10c7138f-def1-44d6-b900-1bfaf66df41c":{"type":"link-4linklists","settings":{"show_title":false,"title":"baby doll","link":"shopify:\/\/collections\/latest","badge_text":"","bg_color":"#ff0000","imageblink_1":"shopify:\/\/collections\/features","links_1":"","imageblink_2":"shopify:\/\/collections\/bestseller","links_2":"","imageblink_3":"shopify:\/\/collections\/special-cold-drinks","links_3":"","imageblink_4":"shopify:\/\/collections\/special-summer","links_4":"","align_text":false}},"6dc17051-c7d6-4710-b8a2-bcca7ad1359b":{"type":"link-blog","settings":{"title":"Blogs","link":"shopify:\/\/blogs\/news","badge_text":"","bg_color":"#ff0000","blog":"news"}}},"block_order":["ee783aeb-3939-4caf-a057-2c5266bd5fa9","3893cc2e-4dec-4ef9-80af-2cbff31f8bac","74fabfcd-c70d-487e-a876-225bf06712ca","10c7138f-def1-44d6-b900-1bfaf66df41c","6dc17051-c7d6-4710-b8a2-bcca7ad1359b"],"settings":{"color_scheme":"background-1","logo":"shopify:\/\/shop_images\/logo.png","logo_width":180,"enable_country_selector":true,"enable_language_selector":true,"color_dropmenu":"background-1","menu":"","megamenu_toggle":true,"show_line_separator":false,"enable_sticky_header":true,"margin_bottom":0}},"footer":{"type":"footer","blocks":{"footer-0":{"type":"link_list","settings":{"heading":"extra","menu":"footer"}},"footer-1":{"type":"link_list","settings":{"heading":"Service","menu":"servicres"}},"d50e8369-1fd3-4786-b2c0-99856be6ab0b":{"type":"link_list","settings":{"heading":"products","menu":"main-menu"}},"b87bbfe1-ae13-4cb4-bdf6-c3fd0794bbbf":{"type":"textarea","settings":{"heading":"contact us","footer_address":"4800 San Mateo Ln NE","footer_contact_no":"(505) 881-0080","footer_contact_id":"your@email.com"}}},"block_order":["footer-0","footer-1","d50e8369-1fd3-4786-b2c0-99856be6ab0b","b87bbfe1-ae13-4cb4-bdf6-c3fd0794bbbf"],"settings":{"color_news_footer_text":"#ffffff","color_news_footer_bg":"#4ab9f0","color_footer_bg":"#f5f5f5","color_footer_text_heading":"#000000","color_footer_text":"#000000","color_copy-bg":"#f5f5f5","color_copy_text":"#000000","head1":"Newsletter","newssub":"Lorem Ipsum is simply dummy text..","show_social":true,"payment_enable":true,"foottext":"<p><a href=\"\/collections\/bestseller\" title=\"bestseller\">Bicycle<\/a><\/p><p><a href=\"\/collections\/featured\" title=\"featured\">Bubble Solution<\/a><\/p><p><a href=\"\/collections\/hot-toys\" title=\"hot toys\">Train<\/a><\/p><p><a href=\"\/collections\/special-toys\" title=\"special toys\">White House<\/a><\/p><p><a href=\"\/collections\" title=\"All collections\">Star Wars<\/a><\/p><p><a href=\"\/collections\" title=\"All collections\">Ball<\/a><\/p><p><a href=\"\/collections\/latest\" title=\"latest\">Doll<\/a><\/p><p><a href=\"\/collections\/featured\" title=\"featured\">Surprise Dolls<\/a><\/p><p><a href=\"\/collections\/special-toys\" title=\"special toys\">Rocking Horsh<\/a><\/p><p><a href=\"\/collections\/hot-toys\" title=\"hot toys\">Care Bear<\/a><\/p><p><a href=\"\/collections\/special-toys\" title=\"special toys\">Van<\/a><\/p><p><a href=\"\/collections\" title=\"All collections\">Car<\/a><\/p><p><a href=\"\/collections\/special-toys\" title=\"special toys\">Balloon Dog<\/a><\/p><p><a href=\"\/collections\" title=\"All collections\">Rubber Duncky<\/a><\/p><p><a href=\"\/collections\/special-toys\" title=\"special toys\">Sock Monkey<\/a><\/p><p><a href=\"\/collections\" title=\"All collections\">Airoplane<\/a><\/p><p><a href=\"\/collections\/latest\" title=\"latest\">Teddy Bear<\/a><\/p>","margin_top":60,"padding_top":60,"padding_bottom":60}},"main-password-header":{"type":"main-password-header","settings":{"logo":"shopify:\/\/shop_images\/logo.png","logo_max_width":160,"color_scheme":"background-1"}},"main-password-footer":{"type":"main-password-footer","settings":{"color_scheme":"background-1"}}},"content_for_index":[]},"presets":{"Default":{"sections":{"announcement-bar":{"type":"announcement-bar","blocks":{"announcement-bar-0":{"type":"announcement","settings":{"color_scheme":"background-1"}}},"block_order":["announcement-bar-0"],"settings":{}},"header":{"type":"header","settings":{"logo_width":90}},"footer":{"type":"footer","blocks":{"footer-0":{"type":"link_list","settings":{}},"footer-1":{"type":"link_list","settings":{"heading":"Info"}},"footer-2":{"type":"text","settings":{"heading":"Our mission"}}},"block_order":["footer-0","footer-1","footer-2"],"settings":{"color_footer_bg":"#e7e7e7","color_footer_text_heading":"#000","color_footer_text":"#9E9E9E","color_copy-bg":"#e7e7e7","color_copy_text":"#e7e7e7","margin_top":48}},"main-password-header":{"type":"main-password-header","settings":{}},"main-password-footer":{"type":"main-password-footer","settings":{}}}}}}