{"sections":{"cart-items":{"type":"main-cart-items","settings":{"show_vendor":false,"padding_top":0,"padding_bottom":0}},"cart-footer":{"type":"main-cart-footer","blocks":{"subtotal":{"type":"subtotal","settings":{}},"buttons":{"type":"buttons","settings":{}}},"block_order":["subtotal","buttons"],"settings":{"show_cart_note":false}},"cart-ship-return":{"type":"main-ship-return","disabled":true,"settings":{"wbshiphead":"Shipping","wbship":"<p>Free shipping on all orders over.<\/p>\n<ul>\n<li>Shipping within 1 to 7 business days<\/li>\n<li>In-store collection available within 1 to 7 business days<\/li>\n<li>Purchases are delivered in an box with a ribbon, with the exception of certain items<\/li>\n<li>Next-day and Express delivery options also available<\/li>\n<\/ul>","wbrtnhead":"Return","wbrtn":"<p>To return an item, follow the directions listed on the return exchange form included with your order.<\/p>\n<ul>\n<li>Easy and complimentary, within 14 days<\/li>\n<li>See conditions and procedure in our return<\/li>\n<\/ul>","padding_top":20,"padding_bottom":0}}},"order":["cart-items","cart-footer","cart-ship-return"]}