{"sections":{"main":{"type":"main-aboutus","blocks":{"8eba4775-d8a9-4772-b9a7-0b0dd5c95951":{"type":"banner","settings":{"banner":"shopify:\/\/shop_images\/about-us.jpg","color_head":"#ffffff"}},"title":{"type":"text-block","settings":{"textsub":"<p>Content below is a demonstration content, designed to showcase how this page could look with your brand content. A big thank you to <a href=\"https:\/\/www.madewithspin.com\/\">Spin<\/a> for allowing us to use their products in this demo store. Below is a little bit about them.<\/p>","title":"Discovering your style has never been so easy!","text":"<p>Imagine the tremendous effort and time you put into perfecting your wardrobe, the need for a shopping partner in choosing the right style for you, the fittings limiting your choices & the problem of plenty! Somehow heaps of clothes find their way into our wardrobe but We only wear very few of them regularly. The inventory-led retail & fast fashion has not just created an excess wardrobe but also an inefficient one.<\/p>"}},"6060d340-f046-4fbb-9500-3d5e1a48eb65":{"type":"image-with-text","settings":{"title2":"Our mission","text2":"<p>Our Mission is to introduce a superior shopping experience combining technology with expert designer assistance. Get a wardrobe that is 100% you and evolves with your lifestyle and preferences.<\/p><p>Valentino Design is your personal designer, letting you discover and define your own style. We are here to help you, save time and slay your day!<\/p>","image":"shopify:\/\/shop_images\/img-text.jpg"}}},"block_order":["8eba4775-d8a9-4772-b9a7-0b0dd5c95951","title","6060d340-f046-4fbb-9500-3d5e1a48eb65"],"settings":{}}},"order":["main"]}