{"sections":{"main":{"type":"main-product","blocks":{"vendor":{"type":"text","settings":{"text":"{{ product.vendor }}"}},"title":{"type":"title","settings":{}},"4ae836f2-b5a0-403f-bf53-a630e3974af6":{"type":"shopify:\/\/apps\/product-reviews\/blocks\/star_rating\/bae150af-8da8-48b2-9867-398188115e5f","settings":{"stars_fill_color":"#ffc107","star_size":15,"text_align":"flex-start","product":"{{product}}","stars_text_empty":"No reviews"}},"price":{"type":"price","settings":{}},"description":{"type":"description","settings":{}},"2872582f-fe98-437f-8b1f-b6cb2dfc1891":{"type":"countdown_timer","settings":{"show_timer":true,"timer_text":"offer ends in"}},"variant_picker":{"type":"variant_picker","settings":{"picker_type":"button"}},"quantity_selector":{"type":"quantity_selector","settings":{}},"buy_buttons":{"type":"buy_buttons","settings":{"show_dynamic_checkout":true}},"share":{"type":"share","settings":{"share_label":"Share"}},"collapsible-row-1":{"type":"collapsible_tab","settings":{"heading":"Shipping & Returns","content":"","page":"shipping","icon":"truck"}},"53d1b536-e8c6-416b-81ae-5537d48a8356":{"type":"share_button","settings":{"share_facebook":true,"share_twitter":true,"share_pinterest":true}}},"block_order":["vendor","title","4ae836f2-b5a0-403f-bf53-a630e3974af6","price","description","2872582f-fe98-437f-8b1f-b6cb2dfc1891","variant_picker","quantity_selector","buy_buttons","share","collapsible-row-1","53d1b536-e8c6-416b-81ae-5537d48a8356"],"settings":{"enable_sticky_info":true,"gallery_layout":"thumbnail_slider","media_size":"small","mobile_thumbnails":"show","hide_variants":false,"enable_video_looping":false,"enable_desctab":true,"padding_top":0,"padding_bottom":60}},"product-recommendations":{"type":"product-recommendations","settings":{"heading":"You may also like","image_ratio":"adapt","show_secondary_image":false,"show_vendor":false,"show_rating":true,"display_product_type":false,"show_variants":false,"padding_top":60,"padding_bottom":0}}},"order":["main","product-recommendations"]}